{
  "version": "0.2.0",
  "migrations": {
    "contenttypes": "0002_remove_content_type_name",
    "auth": "0012_alter_user_first_name_max_length",
    "assessments": "0002_initial",
    "users": "0001_initial",
    "admin": "0003_logentry_add_action_flag_choices",
    "admin_tools_stats": "0021_alter_cachedvalue_id_alter_criteriatostatsm2m_id_and_more",
    "analytics": "0002_initial",
    "dashboard": "0002_initial",
    "blog": "0002_initial",
    "data_browser": "0009_migrate_saved_views",
    "django_ledger": "0002_alter_entitymodel_default_coa",
    "easyaudit": "0016_alter_crudevent_event_type",
    "sessions": "0001_initial"
  }
}